Index,Freq,e_real,e_loss,Matrix Mw,Treatment,Cryst_temp,Loading
1,1000000,2.6041,0.01998,4k,Quenched,,0.1
2,794330,2.6065,0.01936,4k,Quenched,,0.1
3,630950,2.6076,0.0186,4k,Quenched,,0.1
4,501180,2.6106,0.01825,4k,Quenched,,0.1
5,398100,2.6137,0.01779,4k,Quenched,,0.1
6,316220,2.616,0.01712,4k,Quenched,,0.1
7,251180,2.6182,0.01656,4k,Quenched,,0.1
8,199520,2.6205,0.0161,4k,Quenched,,0.1
9,158480,2.6228,0.01568,4k,Quenched,,0.1
10,125890,2.6249,0.01534,4k,Quenched,,0.1
11,99996,2.6272,0.01502,4k,Quenched,,0.1
12,79430,2.6294,0.01474,4k,Quenched,,0.1
13,63093,2.6317,0.01451,4k,Quenched,,0.1
14,50116,2.6339,0.01427,4k,Quenched,,0.1
15,39809,2.636,0.01412,4k,Quenched,,0.1
16,31621,2.6381,0.01397,4k,Quenched,,0.1
17,25117,2.6402,0.0138,4k,Quenched,,0.1
18,19951,2.6422,0.01368,4k,Quenched,,0.1
19,15848,2.6443,0.01354,4k,Quenched,,0.1
20,12588,2.6462,0.01345,4k,Quenched,,0.1
21,9999.3,2.6483,0.01338,4k,Quenched,,0.1
22,7942.7,2.6503,0.01331,4k,Quenched,,0.1
23,6309.1,2.6523,0.0133,4k,Quenched,,0.1
24,5011.5,2.6543,0.01326,4k,Quenched,,0.1
25,3980.7,2.6562,0.01329,4k,Quenched,,0.1
26,3162,2.6581,0.01335,4k,Quenched,,0.1
27,2511.6,2.6601,0.01342,4k,Quenched,,0.1
28,1995.1,2.6621,0.01354,4k,Quenched,,0.1
29,1584.7,2.6641,0.01369,4k,Quenched,,0.1
30,1258.8,2.6662,0.01382,4k,Quenched,,0.1
31,999.89,2.6683,0.01403,4k,Quenched,,0.1
32,794.24,2.6704,0.01426,4k,Quenched,,0.1
33,630.88,2.6724,0.01451,4k,Quenched,,0.1
34,501.13,2.6747,0.01479,4k,Quenched,,0.1
35,398.06,2.6767,0.01512,4k,Quenched,,0.1
36,316.19,2.6791,0.01544,4k,Quenched,,0.1
37,251.16,2.6814,0.01577,4k,Quenched,,0.1
38,199.5,2.6839,0.01612,4k,Quenched,,0.1
39,158.47,2.6864,0.01642,4k,Quenched,,0.1
40,125.87,2.689,0.01674,4k,Quenched,,0.1
41,99.986,2.6916,0.01701,4k,Quenched,,0.1
42,79.421,2.695,0.01721,4k,Quenched,,0.1
43,63.086,2.6971,0.01731,4k,Quenched,,0.1
44,50.111,2.6998,0.01744,4k,Quenched,,0.1
45,39.804,2.7024,0.01742,4k,Quenched,,0.1
46,31.618,2.705,0.01737,4k,Quenched,,0.1
47,25.115,2.7077,0.01717,4k,Quenched,,0.1
48,19.949,2.7104,0.01704,4k,Quenched,,0.1
49,15.846,2.7129,0.01679,4k,Quenched,,0.1
50,12.587,2.7153,0.01662,4k,Quenched,,0.1
51,9.9982,2.7177,0.01642,4k,Quenched,,0.1
52,7.9418,2.72,0.01634,4k,Quenched,,0.1
53,6.3084,2.7222,0.01622,4k,Quenched,,0.1
54,5.0109,2.7243,0.01639,4k,Quenched,,0.1
55,3.9803,2.7261,0.0168,4k,Quenched,,0.1
56,3.1616,2.7285,0.01731,4k,Quenched,,0.1
57,2.5114,2.7305,0.01789,4k,Quenched,,0.1
58,1.9949,2.7331,0.01868,4k,Quenched,,0.1
59,1.5846,2.7354,0.02009,4k,Quenched,,0.1
60,1.2587,2.7374,0.02105,4k,Quenched,,0.1
61,0.99978,2.7405,0.02266,4k,Quenched,,0.1
62,0.79415,2.7431,0.02458,4k,Quenched,,0.1
63,0.63082,2.7465,0.0267,4k,Quenched,,0.1
64,0.50107,2.7502,0.02998,4k,Quenched,,0.1
65,0.39802,2.7543,0.03194,4k,Quenched,,0.1
66,0.31615,2.7586,0.03488,4k,Quenched,,0.1
67,0.25113,2.7629,0.03829,4k,Quenched,,0.1
68,0.19948,2.7677,0.04141,4k,Quenched,,0.1
69,0.15845,2.774,0.04607,4k,Quenched,,0.1
70,0.12586,2.7815,0.05134,4k,Quenched,,0.1
71,0.09997,2.7877,0.05645,4k,Quenched,,0.1
72,0.07941,2.7965,0.06153,4k,Quenched,,0.1
73,0.06308,2.8063,0.06766,4k,Quenched,,0.1
74,0.0501,2.8148,0.07457,4k,Quenched,,0.1
75,0.0398,2.825,0.08089,4k,Quenched,,0.1
76,0.03161,2.8384,0.08632,4k,Quenched,,0.1
77,0.02511,2.8536,0.09603,4k,Quenched,,0.1
78,0.01995,2.8713,0.10359,4k,Quenched,,0.1
79,0.01584,2.888,0.11213,4k,Quenched,,0.1
80,0.01259,2.9074,0.12112,4k,Quenched,,0.1
81,0.01,2.9284,0.12821,4k,Quenched,,0.1
82,1000000,2.6472,0.01869,4k,Isothermal,105,0.1
83,794330,2.6494,0.01831,4k,Isothermal,105,0.1
84,630950,2.6505,0.01774,4k,Isothermal,105,0.1
85,501180,2.6536,0.01752,4k,Isothermal,105,0.1
86,398100,2.6567,0.01721,4k,Isothermal,105,0.1
87,316220,2.659,0.01666,4k,Isothermal,105,0.1
88,251180,2.6612,0.01618,4k,Isothermal,105,0.1
89,199520,2.6635,0.01579,4k,Isothermal,105,0.1
90,158480,2.6657,0.01545,4k,Isothermal,105,0.1
91,125890,2.6679,0.01514,4k,Isothermal,105,0.1
92,99996,2.6702,0.01486,4k,Isothermal,105,0.1
93,79430,2.6724,0.01465,4k,Isothermal,105,0.1
94,63093,2.6746,0.01444,4k,Isothermal,105,0.1
95,50116,2.6768,0.01421,4k,Isothermal,105,0.1
96,39809,2.6789,0.01408,4k,Isothermal,105,0.1
97,31621,2.681,0.01393,4k,Isothermal,105,0.1
98,25117,2.6831,0.01379,4k,Isothermal,105,0.1
99,19951,2.6852,0.01368,4k,Isothermal,105,0.1
100,15848,2.6873,0.01356,4k,Isothermal,105,0.1
101,12588,2.6892,0.01344,4k,Isothermal,105,0.1
102,9999.3,2.6913,0.01336,4k,Isothermal,105,0.1
103,7942.7,2.6933,0.0133,4k,Isothermal,105,0.1
104,6309.1,2.6954,0.01327,4k,Isothermal,105,0.1
105,5011.5,2.6973,0.01321,4k,Isothermal,105,0.1
106,3980.7,2.6992,0.01325,4k,Isothermal,105,0.1
107,3162,2.7012,0.01327,4k,Isothermal,105,0.1
108,2511.6,2.7032,0.01334,4k,Isothermal,105,0.1
109,1995.1,2.7052,0.01342,4k,Isothermal,105,0.1
110,1584.7,2.7073,0.01346,4k,Isothermal,105,0.1
111,1258.8,2.7093,0.0136,4k,Isothermal,105,0.1
112,999.89,2.7113,0.01376,4k,Isothermal,105,0.1
113,794.24,2.7134,0.01391,4k,Isothermal,105,0.1
114,630.88,2.7156,0.01399,4k,Isothermal,105,0.1
115,501.13,2.7177,0.01425,4k,Isothermal,105,0.1
116,398.06,2.7197,0.01446,4k,Isothermal,105,0.1
117,316.19,2.7219,0.01471,4k,Isothermal,105,0.1
118,251.16,2.7242,0.01493,4k,Isothermal,105,0.1
119,199.5,2.7264,0.01514,4k,Isothermal,105,0.1
120,158.47,2.7288,0.01531,4k,Isothermal,105,0.1
121,125.87,2.7312,0.01551,4k,Isothermal,105,0.1
122,99.986,2.7335,0.01568,4k,Isothermal,105,0.1
123,79.421,2.736,0.01586,4k,Isothermal,105,0.1
124,63.086,2.7384,0.01596,4k,Isothermal,105,0.1
125,50.111,2.741,0.01606,4k,Isothermal,105,0.1
126,39.804,2.7433,0.01618,4k,Isothermal,105,0.1
127,31.618,2.7458,0.01617,4k,Isothermal,105,0.1
128,25.115,2.7483,0.01614,4k,Isothermal,105,0.1
129,19.949,2.7508,0.01621,4k,Isothermal,105,0.1
130,15.846,2.7532,0.01615,4k,Isothermal,105,0.1
131,12.587,2.7557,0.01602,4k,Isothermal,105,0.1
132,9.9982,2.7581,0.01585,4k,Isothermal,105,0.1
133,7.9418,2.7603,0.01583,4k,Isothermal,105,0.1
134,6.3084,2.7626,0.01562,4k,Isothermal,105,0.1
135,5.0109,2.7648,0.01576,4k,Isothermal,105,0.1
136,3.9803,2.7668,0.01588,4k,Isothermal,105,0.1
137,3.1616,2.769,0.01606,4k,Isothermal,105,0.1
138,2.5114,2.7713,0.01659,4k,Isothermal,105,0.1
139,1.9949,2.7734,0.01723,4k,Isothermal,105,0.1
140,1.5846,2.7753,0.01779,4k,Isothermal,105,0.1
141,1.2587,2.7778,0.01867,4k,Isothermal,105,0.1
142,0.99978,2.7803,0.01975,4k,Isothermal,105,0.1
143,0.79415,2.7827,0.02113,4k,Isothermal,105,0.1
144,0.63082,2.7855,0.02285,4k,Isothermal,105,0.1
145,0.50107,2.7883,0.02506,4k,Isothermal,105,0.1
146,0.39802,2.7917,0.02686,4k,Isothermal,105,0.1
147,0.31615,2.7957,0.0297,4k,Isothermal,105,0.1
148,0.25113,2.7992,0.03254,4k,Isothermal,105,0.1
149,0.19948,2.8041,0.03506,4k,Isothermal,105,0.1
150,0.15845,2.8081,0.03935,4k,Isothermal,105,0.1
151,0.12586,2.8144,0.04397,4k,Isothermal,105,0.1
152,0.09997,2.8209,0.04852,4k,Isothermal,105,0.1
153,0.07941,2.8275,0.05412,4k,Isothermal,105,0.1
154,0.06308,2.8354,0.0601,4k,Isothermal,105,0.1
155,0.0501,2.8451,0.06688,4k,Isothermal,105,0.1
156,0.0398,2.8549,0.07299,4k,Isothermal,105,0.1
157,0.03161,2.8677,0.082,4k,Isothermal,105,0.1
158,0.02511,2.8814,0.08952,4k,Isothermal,105,0.1
159,0.01995,2.8973,0.09856,4k,Isothermal,105,0.1
160,0.01584,2.9151,0.10953,4k,Isothermal,105,0.1
161,0.01259,2.9346,0.12095,4k,Isothermal,105,0.1
162,0.01,2.9576,0.1328,4k,Isothermal,105,0.1
163,1000000,2.6138,0.0153,4k,Quenched,,0
164,794330,2.6149,0.01454,4k,Quenched,,0
165,630950,2.6154,0.01389,4k,Quenched,,0
166,501180,2.6185,0.01347,4k,Quenched,,0
167,398100,2.6208,0.01305,4k,Quenched,,0
168,316220,2.6223,0.01245,4k,Quenched,,0
169,251180,2.6238,0.01195,4k,Quenched,,0
170,199520,2.6254,0.01151,4k,Quenched,,0
171,158480,2.6268,0.01113,4k,Quenched,,0
172,125890,2.6283,0.01084,4k,Quenched,,0
173,99996,2.6299,0.01055,4k,Quenched,,0
174,79430,2.6315,0.01028,4k,Quenched,,0
175,63093,2.633,0.01005,4k,Quenched,,0
176,50116,2.6344,0.00989,4k,Quenched,,0
177,39809,2.6358,0.00974,4k,Quenched,,0
178,31621,2.6372,0.00959,4k,Quenched,,0
179,25117,2.6387,0.00946,4k,Quenched,,0
180,19951,2.6402,0.00935,4k,Quenched,,0
181,15848,2.6415,0.00924,4k,Quenched,,0
182,12588,2.6428,0.00916,4k,Quenched,,0
183,9999.3,2.6443,0.00908,4k,Quenched,,0
184,7942.7,2.6457,0.00902,4k,Quenched,,0
185,6309.1,2.6471,0.00898,4k,Quenched,,0
186,5011.5,2.6484,0.00896,4k,Quenched,,0
187,3980.7,2.6495,0.00898,4k,Quenched,,0
188,3162,2.6509,0.00901,4k,Quenched,,0
189,2511.6,2.6523,0.00905,4k,Quenched,,0
190,1995.1,2.6537,0.00913,4k,Quenched,,0
191,1584.7,2.6551,0.00921,4k,Quenched,,0
192,1258.8,2.6564,0.00931,4k,Quenched,,0
193,999.89,2.6579,0.00937,4k,Quenched,,0
194,794.24,2.6593,0.00949,4k,Quenched,,0
195,630.88,2.6608,0.00959,4k,Quenched,,0
196,501.13,2.6623,0.00971,4k,Quenched,,0
197,398.06,2.6636,0.00988,4k,Quenched,,0
198,316.19,2.665,0.01001,4k,Quenched,,0
199,251.16,2.6666,0.01017,4k,Quenched,,0
200,199.5,2.6682,0.01027,4k,Quenched,,0
201,158.47,2.67,0.0104,4k,Quenched,,0
202,125.87,2.6716,0.01047,4k,Quenched,,0
203,99.986,2.6732,0.01044,4k,Quenched,,0
204,79.421,2.6749,0.01046,4k,Quenched,,0
205,63.086,2.6766,0.0104,4k,Quenched,,0
206,50.111,2.6782,0.01032,4k,Quenched,,0
207,39.804,2.6798,0.01015,4k,Quenched,,0
208,31.618,2.6814,0.00995,4k,Quenched,,0
209,25.115,2.6829,0.00975,4k,Quenched,,0
210,19.949,2.6844,0.00959,4k,Quenched,,0
211,15.846,2.6859,0.00933,4k,Quenched,,0
212,12.587,2.6873,0.00918,4k,Quenched,,0
213,9.9982,2.6885,0.00889,4k,Quenched,,0
214,7.9418,2.6898,0.00893,4k,Quenched,,0
215,6.3084,2.6912,0.00865,4k,Quenched,,0
216,5.0109,2.6924,0.00869,4k,Quenched,,0
217,3.9803,2.6934,0.00861,4k,Quenched,,0
218,3.1616,2.6947,0.00876,4k,Quenched,,0
219,2.5114,2.6961,0.00897,4k,Quenched,,0
220,1.9949,2.6975,0.00912,4k,Quenched,,0
221,1.5846,2.6982,0.00938,4k,Quenched,,0
222,1.2587,2.7002,0.00992,4k,Quenched,,0
223,0.99978,2.7011,0.01025,4k,Quenched,,0
224,0.79415,2.7023,0.01091,4k,Quenched,,0
225,0.63082,2.7037,0.01148,4k,Quenched,,0
226,0.50107,2.7064,0.01179,4k,Quenched,,0
227,0.39802,2.7073,0.01213,4k,Quenched,,0
228,0.31615,2.711,0.01286,4k,Quenched,,0
229,0.25113,2.7105,0.01378,4k,Quenched,,0
230,0.19948,2.7142,0.01265,4k,Quenched,,0
231,0.15845,2.7149,0.01425,4k,Quenched,,0
232,0.12586,2.7198,0.01575,4k,Quenched,,0
233,0.09997,2.7225,0.01619,4k,Quenched,,0
234,0.07941,2.7237,0.01937,4k,Quenched,,0
235,0.06308,2.7275,0.01923,4k,Quenched,,0
236,0.0501,2.7294,0.01767,4k,Quenched,,0
237,0.0398,2.7335,0.01861,4k,Quenched,,0
238,0.03161,2.7356,0.01772,4k,Quenched,,0
239,0.02511,2.7423,0.01968,4k,Quenched,,0
240,0.01995,2.7464,0.0188,4k,Quenched,,0
241,0.01584,2.7505,0.01963,4k,Quenched,,0
242,0.01259,2.7534,0.02024,4k,Quenched,,0
243,0.01,2.7565,0.0182,4k,Quenched,,0
244,1000000,2.5401,0.01311,4k,Isothermal,105,0
245,794330,2.5415,0.01272,4k,Isothermal,105,0
246,630950,2.5417,0.01233,4k,Isothermal,105,0
247,501180,2.5435,0.01213,4k,Isothermal,105,0
248,398100,2.5457,0.01189,4k,Isothermal,105,0
249,316220,2.547,0.01141,4k,Isothermal,105,0
250,251180,2.5484,0.01102,4k,Isothermal,105,0
251,199520,2.5498,0.0107,4k,Isothermal,105,0
252,158480,2.5512,0.0104,4k,Isothermal,105,0
253,125890,2.5527,0.01016,4k,Isothermal,105,0
254,99996,2.554,0.00994,4k,Isothermal,105,0
255,79430,2.5554,0.00974,4k,Isothermal,105,0
256,63093,2.5569,0.0096,4k,Isothermal,105,0
257,50116,2.5582,0.00944,4k,Isothermal,105,0
258,39809,2.5595,0.00936,4k,Isothermal,105,0
259,31621,2.5608,0.00925,4k,Isothermal,105,0
260,25117,2.5622,0.00918,4k,Isothermal,105,0
261,19951,2.5635,0.00911,4k,Isothermal,105,0
262,15848,2.5649,0.00908,4k,Isothermal,105,0
263,12588,2.5662,0.00905,4k,Isothermal,105,0
264,9999.3,2.5674,0.00903,4k,Isothermal,105,0
265,7942.7,2.5688,0.00903,4k,Isothermal,105,0
266,6309.1,2.5701,0.00907,4k,Isothermal,105,0
267,5011.5,2.5713,0.00912,4k,Isothermal,105,0
268,3980.7,2.5725,0.00918,4k,Isothermal,105,0
269,3162,2.5738,0.0093,4k,Isothermal,105,0
270,2511.6,2.5752,0.00939,4k,Isothermal,105,0
271,1995.1,2.5766,0.00954,4k,Isothermal,105,0
272,1584.7,2.5781,0.0097,4k,Isothermal,105,0
273,1258.8,2.5796,0.00985,4k,Isothermal,105,0
274,999.89,2.5811,0.01002,4k,Isothermal,105,0
275,794.24,2.5826,0.01022,4k,Isothermal,105,0
276,630.88,2.5841,0.01039,4k,Isothermal,105,0
277,501.13,2.5856,0.01059,4k,Isothermal,105,0
278,398.06,2.587,0.01085,4k,Isothermal,105,0
279,316.19,2.5886,0.01118,4k,Isothermal,105,0
280,251.16,2.5902,0.01147,4k,Isothermal,105,0
281,199.5,2.5919,0.01175,4k,Isothermal,105,0
282,158.47,2.5937,0.01208,4k,Isothermal,105,0
283,125.87,2.5956,0.01235,4k,Isothermal,105,0
284,99.986,2.5975,0.01265,4k,Isothermal,105,0
285,79.421,2.5994,0.01291,4k,Isothermal,105,0
286,63.086,2.6015,0.01309,4k,Isothermal,105,0
287,50.111,2.6037,0.01316,4k,Isothermal,105,0
288,39.804,2.6057,0.01319,4k,Isothermal,105,0
289,31.618,2.6078,0.0131,4k,Isothermal,105,0
290,25.115,2.61,0.01289,4k,Isothermal,105,0
291,19.949,2.6121,0.01257,4k,Isothermal,105,0
292,15.846,2.6141,0.0121,4k,Isothermal,105,0
293,12.587,2.616,0.01181,4k,Isothermal,105,0
294,9.9982,2.6178,0.01115,4k,Isothermal,105,0
295,7.9418,2.6193,0.01065,4k,Isothermal,105,0
296,6.3084,2.6208,0.00998,4k,Isothermal,105,0
297,5.0109,2.6221,0.00972,4k,Isothermal,105,0
298,3.9803,2.6234,0.0092,4k,Isothermal,105,0
299,3.1616,2.6246,0.00878,4k,Isothermal,105,0
300,2.5114,2.6258,0.0084,4k,Isothermal,105,0
301,1.9949,2.627,0.0085,4k,Isothermal,105,0
302,1.5846,2.6279,0.0082,4k,Isothermal,105,0
303,1.2587,2.6286,0.00778,4k,Isothermal,105,0
304,0.99978,2.6299,0.00773,4k,Isothermal,105,0
305,0.79415,2.6307,0.00929,4k,Isothermal,105,0
306,0.63082,2.6321,0.01005,4k,Isothermal,105,0
307,0.50107,2.6331,0.00933,4k,Isothermal,105,0
308,0.39802,2.6349,0.01024,4k,Isothermal,105,0
309,0.31615,2.6357,0.01064,4k,Isothermal,105,0
310,0.25113,2.6371,0.01057,4k,Isothermal,105,0
311,0.19948,2.6396,0.01247,4k,Isothermal,105,0
312,0.15845,2.6403,0.01281,4k,Isothermal,105,0
313,0.12586,2.6418,0.0143,4k,Isothermal,105,0
314,0.09998,2.6445,0.01393,4k,Isothermal,105,0
315,0.07941,2.6471,0.01451,4k,Isothermal,105,0
316,0.06308,2.6507,0.01575,4k,Isothermal,105,0
317,0.05011,2.6544,0.01741,4k,Isothermal,105,0
318,0.0398,2.6568,0.0193,4k,Isothermal,105,0
319,0.03161,2.6599,0.02067,4k,Isothermal,105,0
320,0.02511,2.6622,0.02046,4k,Isothermal,105,0
321,0.01995,2.6658,0.02216,4k,Isothermal,105,0
322,0.01584,2.6694,0.02537,4k,Isothermal,105,0
323,0.01259,2.671,0.02771,4k,Isothermal,105,0
324,0.01,2.6747,0.02876,4k,Isothermal,105,0
325,99996,2.4498,0.00169,152k,Quenched,,0.1
326,79430,2.45,0.00161,152k,Quenched,,0.1
327,63093,2.4502,0.00154,152k,Quenched,,0.1
328,50116,2.4503,0.00148,152k,Quenched,,0.1
329,39809,2.4505,0.00147,152k,Quenched,,0.1
330,31621,2.4507,0.00145,152k,Quenched,,0.1
331,25117,2.4508,0.00143,152k,Quenched,,0.1
332,19951,2.4509,0.0014,152k,Quenched,,0.1
333,15848,2.4512,0.00138,152k,Quenched,,0.1
334,12588,2.4514,0.00138,152k,Quenched,,0.1
335,9999.3,2.4515,0.00134,152k,Quenched,,0.1
336,7942.7,2.4516,0.00133,152k,Quenched,,0.1
337,6309.1,2.4518,0.0013,152k,Quenched,,0.1
338,5011.5,2.452,0.00131,152k,Quenched,,0.1
339,3980.7,2.4522,0.00129,152k,Quenched,,0.1
340,3162,2.4524,0.00132,152k,Quenched,,0.1
341,2511.6,2.4525,0.00131,152k,Quenched,,0.1
342,1995.1,2.4526,0.00131,152k,Quenched,,0.1
343,1584.7,2.4529,0.00132,152k,Quenched,,0.1
344,1258.8,2.4531,0.00135,152k,Quenched,,0.1
345,999.89,2.4533,0.00133,152k,Quenched,,0.1
346,794.24,2.4535,0.00131,152k,Quenched,,0.1
347,630.88,2.4536,0.00133,152k,Quenched,,0.1
348,501.13,2.4538,0.00133,152k,Quenched,,0.1
349,398.06,2.4538,0.00136,152k,Quenched,,0.1
350,316.19,2.4541,0.00142,152k,Quenched,,0.1
351,251.16,2.4543,0.00147,152k,Quenched,,0.1
352,199.5,2.4554,0.00243,152k,Quenched,,0.1
353,158.47,2.4544,0.00171,152k,Quenched,,0.1
354,125.87,2.4547,0.00125,152k,Quenched,,0.1
355,99.986,2.4549,0.00176,152k,Quenched,,0.1
356,79.421,2.455,0.00147,152k,Quenched,,0.1
357,63.086,2.4555,0.00196,152k,Quenched,,0.1
358,50.111,2.4553,0.00144,152k,Quenched,,0.1
359,39.804,2.4561,0.00162,152k,Quenched,,0.1
360,31.618,2.4564,0.00212,152k,Quenched,,0.1
361,25.115,2.4569,0.00306,152k,Quenched,,0.1
362,19.949,2.4564,0.00274,152k,Quenched,,0.1
363,15.846,2.4563,0.0033,152k,Quenched,,0.1
364,12.587,2.4575,0.00348,152k,Quenched,,0.1
365,9.9982,2.458,0.00342,152k,Quenched,,0.1
366,7.9418,2.458,0.0047,152k,Quenched,,0.1
367,6.3084,2.4586,0.00426,152k,Quenched,,0.1
368,5.0109,2.4595,0.00443,152k,Quenched,,0.1
369,3.9803,2.4599,0.005,152k,Quenched,,0.1
370,3.1616,2.4606,0.00569,152k,Quenched,,0.1
371,2.5114,2.4616,0.00592,152k,Quenched,,0.1
372,1.9949,2.4629,0.00651,152k,Quenched,,0.1
373,1.5846,2.4634,0.00688,152k,Quenched,,0.1
374,1.2587,2.4644,0.00743,152k,Quenched,,0.1
375,0.99978,2.465,0.00725,152k,Quenched,,0.1
376,0.79415,2.4662,0.00782,152k,Quenched,,0.1
377,0.63082,2.4673,0.00858,152k,Quenched,,0.1
378,0.50107,2.4686,0.00877,152k,Quenched,,0.1
379,0.39802,2.4703,0.00962,152k,Quenched,,0.1
380,0.31615,2.4718,0.00973,152k,Quenched,,0.1
381,0.25113,2.4732,0.01049,152k,Quenched,,0.1
382,0.19948,2.4741,0.01058,152k,Quenched,,0.1
383,0.15845,2.476,0.01125,152k,Quenched,,0.1
384,0.12586,2.4776,0.01185,152k,Quenched,,0.1
385,0.09998,2.4796,0.01341,152k,Quenched,,0.1
386,99996,2.4053,0.0011,152k,Isothermal,128,0.1
387,79430,2.4057,0.00109,152k,Isothermal,128,0.1
388,63093,2.4056,0.00107,152k,Isothermal,128,0.1
389,50116,2.4058,0.00106,152k,Isothermal,128,0.1
390,39809,2.4061,0.00106,152k,Isothermal,128,0.1
391,31621,2.4068,0.00107,152k,Isothermal,128,0.1
392,25117,2.4067,0.00108,152k,Isothermal,128,0.1
393,19951,2.4066,0.00108,152k,Isothermal,128,0.1
394,15848,2.4066,0.00108,152k,Isothermal,128,0.1
395,12588,2.4067,0.00106,152k,Isothermal,128,0.1
396,9999.3,2.4069,0.00109,152k,Isothermal,128,0.1
397,7942.7,2.4074,0.00104,152k,Isothermal,128,0.1
398,6309.1,2.4074,0.00109,152k,Isothermal,128,0.1
399,5011.5,2.4074,0.00106,152k,Isothermal,128,0.1
400,3980.7,2.4074,0.00106,152k,Isothermal,128,0.1
401,3162,2.4082,0.00107,152k,Isothermal,128,0.1
402,2511.6,2.4083,0.00109,152k,Isothermal,128,0.1
403,1995.1,2.4083,0.0011,152k,Isothermal,128,0.1
404,1584.7,2.4084,0.00111,152k,Isothermal,128,0.1
405,1258.8,2.4082,0.0011,152k,Isothermal,128,0.1
406,999.89,2.4084,0.00109,152k,Isothermal,128,0.1
407,794.24,2.4084,0.0011,152k,Isothermal,128,0.1
408,630.88,2.4087,0.00107,152k,Isothermal,128,0.1
409,501.13,2.4089,0.0011,152k,Isothermal,128,0.1
410,398.06,2.4093,0.00112,152k,Isothermal,128,0.1
411,316.19,2.4096,0.00115,152k,Isothermal,128,0.1
412,251.16,2.4092,0.00116,152k,Isothermal,128,0.1
413,199.5,2.4094,0.00118,152k,Isothermal,128,0.1
414,158.47,2.4097,0.00119,152k,Isothermal,128,0.1
415,125.87,2.41,0.00122,152k,Isothermal,128,0.1
416,99.986,2.4102,0.0013,152k,Isothermal,128,0.1
417,79.421,2.4103,0.00135,152k,Isothermal,128,0.1
418,63.086,2.4105,0.00133,152k,Isothermal,128,0.1
419,50.111,2.4108,0.00133,152k,Isothermal,128,0.1
420,39.804,2.411,0.00143,152k,Isothermal,128,0.1
421,31.618,2.4113,0.00157,152k,Isothermal,128,0.1
422,25.115,2.4112,0.00169,152k,Isothermal,128,0.1
423,19.949,2.4115,0.00181,152k,Isothermal,128,0.1
424,15.846,2.4117,0.00193,152k,Isothermal,128,0.1
425,12.587,2.412,0.00215,152k,Isothermal,128,0.1
426,9.9982,2.4123,0.00217,152k,Isothermal,128,0.1
427,7.9418,2.4126,0.00245,152k,Isothermal,128,0.1
428,6.3084,2.413,0.00254,152k,Isothermal,128,0.1
429,5.0109,2.4135,0.00267,152k,Isothermal,128,0.1
430,3.9803,2.4141,0.00302,152k,Isothermal,128,0.1
431,3.1616,2.4149,0.00292,152k,Isothermal,128,0.1
432,2.5114,2.4151,0.00304,152k,Isothermal,128,0.1
433,1.9949,2.4153,0.00261,152k,Isothermal,128,0.1
434,1.5846,2.4158,0.00352,152k,Isothermal,128,0.1
435,1.2587,2.4163,0.00349,152k,Isothermal,128,0.1
436,0.99978,2.417,0.00358,152k,Isothermal,128,0.1
437,0.79415,2.4173,0.00368,152k,Isothermal,128,0.1
438,0.63082,2.418,0.00396,152k,Isothermal,128,0.1
439,0.50107,2.4186,0.00396,152k,Isothermal,128,0.1
440,0.39802,2.4199,0.00414,152k,Isothermal,128,0.1
441,0.31615,2.4202,0.00425,152k,Isothermal,128,0.1
442,0.25113,2.4213,0.00423,152k,Isothermal,128,0.1
443,0.19948,2.4217,0.00431,152k,Isothermal,128,0.1
444,0.15845,2.4223,0.00469,152k,Isothermal,128,0.1
445,0.12586,2.4236,0.00503,152k,Isothermal,128,0.1
446,0.09997,2.4245,0.00518,152k,Isothermal,128,0.1
447,99996,2.3586,5.09E-04,152k,Quenched,,0
448,79430,2.3587,4.86E-04,152k,Quenched,,0
449,63093,2.3588,4.39E-04,152k,Quenched,,0
450,50116,2.3589,4.22E-04,152k,Quenched,,0
451,39809,2.3589,4.38E-04,152k,Quenched,,0
452,31621,2.3591,4.24E-04,152k,Quenched,,0
453,25117,2.3591,3.93E-04,152k,Quenched,,0
454,19951,2.3592,3.99E-04,152k,Quenched,,0
455,15848,2.3594,3.74E-04,152k,Quenched,,0
456,12588,2.3596,3.69E-04,152k,Quenched,,0
457,9999.3,2.3596,3.84E-04,152k,Quenched,,0
458,7942.7,2.3598,3.75E-04,152k,Quenched,,0
459,6309.1,2.3598,3.58E-04,152k,Quenched,,0
460,5011.5,2.3599,3.47E-04,152k,Quenched,,0
461,3980.7,2.3599,3.50E-04,152k,Quenched,,0
462,3162,2.36,3.36E-04,152k,Quenched,,0
463,2511.6,2.3602,3.50E-04,152k,Quenched,,0
464,1995.1,2.3603,3.59E-04,152k,Quenched,,0
465,1584.7,2.3604,3.15E-04,152k,Quenched,,0
466,1258.8,2.3604,3.55E-04,152k,Quenched,,0
467,999.89,2.3604,3.33E-04,152k,Quenched,,0
468,794.24,2.3605,2.95E-04,152k,Quenched,,0
469,630.88,2.3605,3.13E-04,152k,Quenched,,0
470,501.13,2.3604,4.46E-04,152k,Quenched,,0
471,398.06,2.3604,6.96E-04,152k,Quenched,,0
472,316.19,2.3607,2.20E-04,152k,Quenched,,0
473,251.16,2.3606,3.65E-04,152k,Quenched,,0
474,199.5,2.3609,6.96E-04,152k,Quenched,,0
475,158.47,2.3611,4.40E-04,152k,Quenched,,0
476,125.87,2.3612,1.50E-04,152k,Quenched,,0
477,99.986,2.3612,3.72E-04,152k,Quenched,,0
478,79.421,2.3602,7.35E-04,152k,Quenched,,0
479,63.086,2.3614,5.30E-04,152k,Quenched,,0
480,50.111,2.3616,9.17E-04,152k,Quenched,,0
481,39.804,2.3614,9.63E-04,152k,Quenched,,0
482,31.618,2.3614,7.52E-04,152k,Quenched,,0
483,25.115,2.3615,0.00136,152k,Quenched,,0
484,19.949,2.3616,0.00133,152k,Quenched,,0
485,15.846,2.3622,9.24E-04,152k,Quenched,,0
486,12.587,2.3622,0.00139,152k,Quenched,,0
487,9.9982,2.3621,0.00182,152k,Quenched,,0
488,7.9418,2.3624,0.00146,152k,Quenched,,0
489,6.3084,2.3632,0.00207,152k,Quenched,,0
490,5.0109,2.3631,0.0018,152k,Quenched,,0
491,3.9803,2.3634,0.00247,152k,Quenched,,0
492,3.1616,2.3641,0.00275,152k,Quenched,,0
493,2.5114,2.3645,0.00303,152k,Quenched,,0
494,1.9949,2.3655,0.00399,152k,Quenched,,0
495,1.5846,2.3655,0.00308,152k,Quenched,,0
496,1.2587,2.3657,0.00376,152k,Quenched,,0
497,0.99978,2.3663,0.00334,152k,Quenched,,0
498,0.79415,2.3667,0.00411,152k,Quenched,,0
499,0.63082,2.3673,0.00434,152k,Quenched,,0
500,0.50107,2.3685,0.00505,152k,Quenched,,0
501,0.39802,2.3695,0.00531,152k,Quenched,,0
502,0.31615,2.3699,0.00544,152k,Quenched,,0
503,0.25113,2.3716,0.00566,152k,Quenched,,0
504,0.19948,2.3726,0.00638,152k,Quenched,,0
505,0.15845,2.3736,0.00629,152k,Quenched,,0
506,0.12586,2.3745,0.00677,152k,Quenched,,0
507,0.09997,2.3763,0.00662,152k,Quenched,,0
508,99996,2.2846,5.82E-04,152k,Isothermal,128,0
509,79430,2.285,5.27E-04,152k,Isothermal,128,0
510,63093,2.285,4.78E-04,152k,Isothermal,128,0
511,50116,2.2852,4.74E-04,152k,Isothermal,128,0
512,39809,2.2853,4.43E-04,152k,Isothermal,128,0
513,31621,2.2854,4.43E-04,152k,Isothermal,128,0
514,25117,2.2859,4.23E-04,152k,Isothermal,128,0
515,19951,2.286,4.20E-04,152k,Isothermal,128,0
516,15848,2.286,4.00E-04,152k,Isothermal,128,0
517,12588,2.286,3.97E-04,152k,Isothermal,128,0
518,9999.3,2.2862,3.87E-04,152k,Isothermal,128,0
519,7942.7,2.2867,3.63E-04,152k,Isothermal,128,0
520,6309.1,2.2867,3.77E-04,152k,Isothermal,128,0
521,5011.5,2.2868,3.56E-04,152k,Isothermal,128,0
522,3980.7,2.2869,3.75E-04,152k,Isothermal,128,0
523,3162,2.287,3.29E-04,152k,Isothermal,128,0
524,2511.6,2.2875,3.44E-04,152k,Isothermal,128,0
525,1995.1,2.2874,3.21E-04,152k,Isothermal,128,0
526,1584.7,2.2874,3.37E-04,152k,Isothermal,128,0
527,1258.8,2.2874,3.79E-04,152k,Isothermal,128,0
528,999.89,2.2876,3.42E-04,152k,Isothermal,128,0
529,794.24,2.2878,3.36E-04,152k,Isothermal,128,0
530,630.88,2.2878,2.22E-04,152k,Isothermal,128,0
531,501.13,2.2881,3.12E-04,152k,Isothermal,128,0
532,398.06,2.2885,3.34E-04,152k,Isothermal,128,0
533,316.19,2.2883,3.56E-04,152k,Isothermal,128,0
534,251.16,2.2884,4.17E-04,152k,Isothermal,128,0
535,199.5,2.2884,2.99E-04,152k,Isothermal,128,0
536,158.47,2.2886,4.68E-04,152k,Isothermal,128,0
537,125.87,2.2887,4.13E-04,152k,Isothermal,128,0
538,99.986,2.2889,4.40E-04,152k,Isothermal,128,0
539,79.421,2.289,4.47E-04,152k,Isothermal,128,0
540,63.086,2.2892,4.80E-04,152k,Isothermal,128,0
541,50.111,2.2894,6.10E-04,152k,Isothermal,128,0
542,39.804,2.2898,6.30E-04,152k,Isothermal,128,0
543,31.618,2.2897,6.91E-04,152k,Isothermal,128,0
544,25.115,2.2898,7.52E-04,152k,Isothermal,128,0
545,19.949,2.29,8.96E-04,152k,Isothermal,128,0
546,15.846,2.29,9.71E-04,152k,Isothermal,128,0
547,12.587,2.2903,0.00119,152k,Isothermal,128,0
548,9.9982,2.2907,0.00155,152k,Isothermal,128,0
549,7.9418,2.2908,0.00153,152k,Isothermal,128,0
550,6.3084,2.2912,0.00157,152k,Isothermal,128,0
551,5.0109,2.2915,0.00186,152k,Isothermal,128,0
552,3.9803,2.2922,0.00186,152k,Isothermal,128,0
553,3.1616,2.2923,0.00225,152k,Isothermal,128,0
554,2.5114,2.2928,0.00262,152k,Isothermal,128,0
555,1.9949,2.2931,0.00244,152k,Isothermal,128,0
556,1.5846,2.2939,0.00284,152k,Isothermal,128,0
557,1.2587,2.2941,0.00284,152k,Isothermal,128,0
558,0.99978,2.2947,0.0033,152k,Isothermal,128,0
559,0.79415,2.2956,0.00342,152k,Isothermal,128,0
560,0.63082,2.2958,0.00393,152k,Isothermal,128,0
561,0.50107,2.297,0.00415,152k,Isothermal,128,0
562,0.39802,2.2979,0.00444,152k,Isothermal,128,0
563,0.31615,2.2989,0.00439,152k,Isothermal,128,0
564,0.25113,2.2992,0.00442,152k,Isothermal,128,0
565,0.19948,2.3008,0.00556,152k,Isothermal,128,0
566,0.15845,2.3026,0.00412,152k,Isothermal,128,0
567,0.12586,2.3036,0.00562,152k,Isothermal,128,0
568,0.09997,2.3056,0.00664,152k,Isothermal,128,0
